<?xml version="1.0" encoding="UTF-8"?>
<configuration>

<property name="LOGS_HOME" value="logs" />

<appender name="STDOUT" class="ch.qos.logback.core.ConsoleAppender">
	<layout class="ch.qos.logback.classic.PatternLayout">
	<pattern>
		%d{dd-MM-yyyy HH:mm:ss.SSS} [%X{traceId}/%X{spanId}] %magenta([%thread]) %highlight(%-5level) %logger.%M - %msg%n
	</pattern>
	</layout>3
</appender>

<appender name="FILE" class="ch.qos.logback.core.rolling.RollingFileAppender">
	<file>${LOGS_HOME} report.log</file>
	<encoder class="ch.qos.logback.classic.encoder.PatternLayoutEncoder">
	<Pattern>
		%d{dd-MM-yyyy HH:mm:ss.SSS} [%X{traceId}/%X{spanId}] %magenta([%thread]) %highlight(%-5level) %logger.%M - %msg%n
	</Pattern>
	</encoder>
	
	<rollingPolicy class="ch.qos.logback.core.rolling.SizeAndTimeBasedRollingPolicy">
		<fileNamePattern>${LOGS_HOME}report.%d{yyyy-MM-dd}.%i.log.gz</fileNamePattern>
		<maxFileSize>50MB</maxFileSize>
		<totalSizeCap>3GB</totalSizeCap>
		<maxHistory>10</maxHistory>
	</rollingPolicy>
</appender>


<logger name="com.poc.mycart" level="debug" additivity="false">
	<appender-ref ref="FILE" />
	<appender-ref ref="STDOUT" />
</logger>



<root level="INFO">
	<appender-ref ref="FILE"/>
	<appender-ref ref="STDOUT"/>
</root>	
</configuration>